{
    "distances_state": 1,
    "last_frame_data": {
        "distances": [
            79,
            78,
            78,
            79,
            78,
            77,
            79
        ],
        "offset_mm": 0.2,
        "rectangles_count": 8,
        "rectangle_widths": [
            23,
            23,
            24,
            21,
            22,
            24,
            20,
            22
        ],
        "dark_percentages": [
            4.257246376811595,
            3.985507246376811,
            1.5625,
            4.166666666666666,
            4.545454545454546,
            3.3854166666666665,
            0.0,
            0.0
        ],
        "distances_center": [
            79,
            77,
            78,
            79,
            79,
            76,
            79
        ],
        "rectangles_count_center": 8,
        "rectangle_widths_center": [
            23,
            23,
            24,
            21,
            21,
            25,
            21,
            23
        ],
        "dark_percentages_center": [
            1.2681159420289856,
            3.6231884057971016,
            3.125,
            0.7936507936507936,
            0.2976190476190476,
            5.75,
            4.464285714285714,
            0.0
        ]
    }
}