{
    "config_idx": 0,
    "configs": [
        {
            "contour": 0,
            "brightness": 23,
            "contrast": 100,
            "saturation": 100,
            "grain_level": 100,
            "red_filter": 100,
            "green_filter": 100,
            "blue_filter": 100
        },
        {
            "contour": 100,
            "brightness": 61,
            "contrast": 50,
            "saturation": 100,
            "grain_level": 74,
            "red_filter": 100,
            "green_filter": 100,
            "blue_filter": 100
        },
        {
            "contour": 100,
            "brightness": 61,
            "contrast": 50,
            "saturation": 100,
            "grain_level": 74,
            "red_filter": 100,
            "green_filter": 100,
            "blue_filter": 100
        }
    ]
}